Datetime,Water Level (m)
2026-04-14 18:00:00,0.5479853
2026-04-14 19:00:00,-0.115082406
2026-04-14 20:00:00,-0.87847495
2026-04-14 21:00:00,-1.539046
2026-04-14 22:00:00,-1.9111232
2026-04-14 23:00:00,-1.7969443
2026-04-15 00:00:00,-1.109358
2026-04-15 01:00:00,-0.209378
2026-04-15 02:00:00,0.6049871
2026-04-15 03:00:00,1.2396046
2026-04-15 04:00:00,1.533244
2026-04-15 05:00:00,1.3841591
2026-04-15 06:00:00,0.9141733
2026-04-15 07:00:00,0.21599515
2026-04-15 08:00:00,-0.5794414
2026-04-15 09:00:00,-1.3055753
2026-04-15 10:00:00,-1.7754866
2026-04-15 11:00:00,-1.7961824
2026-04-15 12:00:00,-1.2283955
2026-04-15 13:00:00,-0.32699168
2026-04-15 14:00:00,0.5247035
2026-04-15 15:00:00,1.221183
2026-04-15 16:00:00,1.6137756
2026-04-15 17:00:00,1.5326842
2026-04-15 18:00:00,1.0637679
2026-04-15 19:00:00,0.3146981
2026-04-15 20:00:00,-0.55987746
2026-04-15 21:00:00,-1.4069365
2026-04-15 22:00:00,-2.0175378
2026-04-15 23:00:00,-2.1860998
2026-04-16 00:00:00,-1.6772941
2026-04-16 01:00:00,-0.69309735
2026-04-16 02:00:00,0.2625919
2026-04-16 03:00:00,1.0808761
2026-04-16 04:00:00,1.6651586
2026-04-16 05:00:00,1.7879354
2026-04-16 06:00:00,1.4658513
2026-04-16 07:00:00,0.8028986
2026-04-16 08:00:00,-0.052539896
2026-04-16 09:00:00,-0.97542655
2026-04-16 10:00:00,-1.7291003
2026-04-16 11:00:00,-2.1199737
2026-04-16 12:00:00,-1.8841285
2026-04-16 13:00:00,-0.9717779
2026-04-16 14:00:00,0.045577973
2026-04-16 15:00:00,0.9128945
2026-04-16 16:00:00,1.5510749
2026-04-16 17:00:00,1.7692428
2026-04-16 18:00:00,1.4585245
2026-04-16 19:00:00,0.78086036
2026-04-16 20:00:00,-0.091853894
2026-04-16 21:00:00,-1.0431249
2026-04-16 22:00:00,-1.8649296
2026-04-16 23:00:00,-2.3736303
2026-04-17 00:00:00,-2.270423
2026-04-17 01:00:00,-1.3645421
2026-04-17 02:00:00,-0.24220541
2026-04-17 03:00:00,0.72578716
2026-04-17 04:00:00,1.5359012
2026-04-17 05:00:00,2.0048726
2026-04-17 06:00:00,1.9133754
2026-04-17 07:00:00,1.3838124
2026-04-17 08:00:00,0.52962154
2026-04-17 09:00:00,-0.4443718
2026-04-17 10:00:00,-1.3668163
2026-04-17 11:00:00,-2.0493088
2026-04-17 12:00:00,-2.257408
2026-04-17 13:00:00,-1.7089678
2026-04-17 14:00:00,-0.6428077
2026-04-17 15:00:00,0.34437096
2026-04-17 16:00:00,1.1624562
2026-04-17 17:00:00,1.7062404
2026-04-17 18:00:00,1.7238597
2026-04-17 19:00:00,1.2457628
2026-04-17 20:00:00,0.44978538
2026-04-17 21:00:00,-0.48863235
2026-04-17 22:00:00,-1.4396896
2026-04-17 23:00:00,-2.1819775
2026-04-18 00:00:00,-2.506743
2026-04-18 01:00:00,-2.0774605
2026-04-18 02:00:00,-0.95320356
2026-04-18 03:00:00,0.15688719
2026-04-18 04:00:00,1.1185524
2026-04-18 05:00:00,1.8668282
2026-04-18 06:00:00,2.1284297
2026-04-18 07:00:00,1.8474497
2026-04-18 08:00:00,1.1691618
2026-04-18 09:00:00,0.2451314
2026-04-18 10:00:00,-0.761031
2026-04-18 11:00:00,-1.6306375
2026-04-18 12:00:00,-2.208839
2026-04-18 13:00:00,-2.215606
2026-04-18 14:00:00,-1.4099772
2026-04-18 15:00:00,-0.29803398
2026-04-18 16:00:00,0.6333356
2026-04-18 17:00:00,1.3696456
2026-04-18 18:00:00,1.756194
2026-04-18 19:00:00,1.5870938
2026-04-18 20:00:00,1.0048076
2026-04-18 21:00:00,0.15253723
2026-04-18 22:00:00,-0.78737044
2026-04-18 23:00:00,-1.6705333
2026-04-19 00:00:00,-2.2932885
2026-04-19 01:00:00,-2.3970056
2026-04-19 02:00:00,-1.6738013
2026-04-19 03:00:00,-0.50008297
2026-04-19 04:00:00,0.55546105
2026-04-19 05:00:00,1.4647166
2026-04-19 06:00:00,2.0805707
2026-04-19 07:00:00,2.1424358
2026-04-19 08:00:00,1.7266163
2026-04-19 09:00:00,0.9446436
2026-04-19 10:00:00,-0.002259769
2026-04-19 11:00:00,-0.97132987
2026-04-19 12:00:00,-1.7647556
2026-04-19 13:00:00,-2.1980155
2026-04-19 14:00:00,-1.9880701
2026-04-19 15:00:00,-1.0694609
2026-04-19 16:00:00,-0.049944352
2026-04-19 17:00:00,0.78418285
2026-04-19 18:00:00,1.4265262
2026-04-19 19:00:00,1.6822414
2026-04-19 20:00:00,1.3867191
2026-04-19 21:00:00,0.7167884
2026-04-19 22:00:00,-0.1489071
2026-04-19 23:00:00,-1.0690858
2026-04-20 00:00:00,-1.8319798
2026-04-20 01:00:00,-2.2703807
2026-04-20 02:00:00,-2.1141932
2026-04-20 03:00:00,-1.2211435
2026-04-20 04:00:00,-0.120433405
2026-04-20 05:00:00,0.85293317
2026-04-20 06:00:00,1.6700754
2026-04-20 07:00:00,2.1182356
2026-04-20 08:00:00,2.0211742
2026-04-20 09:00:00,1.5163628
2026-04-20 10:00:00,0.711372
2026-04-20 11:00:00,-0.224706
2026-04-20 12:00:00,-1.1101971
2026-04-20 13:00:00,-1.796844
2026-04-20 14:00:00,-2.0670753
2026-04-20 15:00:00,-1.6761452
2026-04-20 16:00:00,-0.7839867
2026-04-20 17:00:00,0.10120776
2026-04-20 18:00:00,0.8606535
